cohort,department,p1_tier,regime_stratum,events,coverage_of_cohort,v1_correct,v1_accuracy,d28_correct,d28_accuracy,accuracy_delta_pp,net_wins
REPRESENTATIVE,DELI,ALL,ALL,1042,0.0257449226664031,583,0.5595009596928983,589,0.5652591170825336,0.5758157389635317,6
REPRESENTATIVE,DELI,ALL,HIGH_SHOCK,533,0.0131689479665958,309,0.5797373358348968,320,0.600375234521576,2.063789868667917,11
REPRESENTATIVE,DELI,ALL,SIGNAL_3,72,0.0017789198003656,34,0.4722222222222222,43,0.5972222222222222,12.5,9
REPRESENTATIVE,DRUG GM,ALL,ALL,1540,0.0380491179522656,1148,0.7454545454545455,1148,0.7454545454545455,0.0,0
REPRESENTATIVE,DRUG GM,ALL,HIGH_SHOCK,216,0.005336759401097,126,0.5833333333333334,124,0.5740740740740741,-0.925925925925926,-2
REPRESENTATIVE,DRUG GM,ALL,SIGNAL_3,92,0.0022730641893561,56,0.6086956521739131,55,0.5978260869565217,-1.0869565217391304,-1
REPRESENTATIVE,GROCERY,ALL,ALL,23696,0.5854622720759006,13089,0.5523717083051992,13255,0.5593771100607697,0.700540175557056,166
REPRESENTATIVE,GROCERY,ALL,HIGH_SHOCK,5019,0.1240055344171567,2573,0.5126519226937637,2737,0.5453277545327755,3.267583183901176,164
REPRESENTATIVE,GROCERY,ALL,SIGNAL_3,1856,0.0458565992983149,776,0.418103448275862,947,0.5102370689655172,9.213362068965518,171
REPRESENTATIVE,MEAT,ALL,ALL,3579,0.0884271384098433,2157,0.6026823134953898,2144,0.5990500139703828,-0.3632299525006985,-13
REPRESENTATIVE,MEAT,ALL,HIGH_SHOCK,895,0.0221129614073232,569,0.6357541899441341,546,0.6100558659217877,-2.569832402234637,-23
REPRESENTATIVE,MEAT,ALL,SIGNAL_3,230,0.0056826604733903,146,0.6347826086956522,132,0.5739130434782609,-6.086956521739131,-14
REPRESENTATIVE,MEAT-PCKGD,ALL,ALL,3100,0.0765923802935217,1387,0.4474193548387097,1376,0.4438709677419354,-0.3548387096774194,-11
REPRESENTATIVE,MEAT-PCKGD,ALL,HIGH_SHOCK,1210,0.029895735533923,518,0.428099173553719,506,0.4181818181818181,-0.9917355371900828,-12
REPRESENTATIVE,MEAT-PCKGD,ALL,SIGNAL_3,477,0.0117853436774225,201,0.4213836477987421,189,0.3962264150943396,-2.5157232704402515,-12
REPRESENTATIVE,NUTRITION,ALL,ALL,140,0.0034590107229332,103,0.7357142857142858,103,0.7357142857142858,0.0,0
REPRESENTATIVE,NUTRITION,ALL,HIGH_SHOCK,57,0.0014083115086228,48,0.8421052631578947,47,0.8245614035087719,-1.7543859649122806,-1
REPRESENTATIVE,NUTRITION,ALL,SIGNAL_3,49,0.0012106537530266,42,0.8571428571428571,42,0.8571428571428571,0.0,0
REPRESENTATIVE,PASTRY,ALL,ALL,261,0.0064485842763255,165,0.632183908045977,168,0.6436781609195402,1.1494252873563218,3
REPRESENTATIVE,PASTRY,ALL,HIGH_SHOCK,74,0.0018283342392647,45,0.6081081081081081,51,0.6891891891891891,8.108108108108109,6
REPRESENTATIVE,PASTRY,ALL,SIGNAL_3,56,0.0013836042891732,31,0.5535714285714286,36,0.6428571428571429,8.928571428571429,5
REPRESENTATIVE,PRODUCE,ALL,ALL,7116,0.1758165736028067,5398,0.7585722315907814,5606,0.7878021360314783,2.922990444069702,208
REPRESENTATIVE,PRODUCE,ALL,HIGH_SHOCK,2115,0.0522557691357414,1377,0.6510638297872341,1588,0.7508274231678487,9.976359338061464,211
REPRESENTATIVE,PRODUCE,ALL,SIGNAL_3,395,0.0097593516825616,92,0.2329113924050632,240,0.6075949367088608,37.46835443037975,148
DEPARTMENT_CHALLENGE,DELI,ALL,ALL,2976,0.0826047131318178,1861,0.6253360215053764,1884,0.6330645161290323,0.7728494623655914,23
DEPARTMENT_CHALLENGE,DELI,ALL,HIGH_SHOCK,1105,0.0306714408637965,573,0.5185520361990951,581,0.5257918552036199,0.7239819004524887,8
DEPARTMENT_CHALLENGE,DELI,ALL,SIGNAL_3,340,0.0094373664196297,142,0.4176470588235294,154,0.4529411764705882,3.5294117647058822,12
DEPARTMENT_CHALLENGE,DRUG GM,ALL,ALL,3561,0.0988425347655924,1913,0.537208649255827,1993,0.5596742488065151,2.246559955068801,80
DEPARTMENT_CHALLENGE,DRUG GM,ALL,HIGH_SHOCK,1104,0.0306436839037388,525,0.4755434782608695,585,0.529891304347826,5.434782608695652,60
DEPARTMENT_CHALLENGE,DRUG GM,ALL,SIGNAL_3,543,0.0150720293113498,203,0.3738489871086556,257,0.4732965009208103,9.94475138121547,54
DEPARTMENT_CHALLENGE,GROCERY,ALL,ALL,5027,0.1395342382102312,2807,0.558384722498508,2833,0.5635567933160931,0.517207081758504,26
DEPARTMENT_CHALLENGE,GROCERY,ALL,HIGH_SHOCK,1282,0.0355844227940156,660,0.514820592823713,681,0.531201248049922,1.6380655226209049,21
DEPARTMENT_CHALLENGE,GROCERY,ALL,SIGNAL_3,572,0.0158769811530241,282,0.493006993006993,291,0.5087412587412588,1.573426573426573,9
DEPARTMENT_CHALLENGE,MEAT,ALL,ALL,6825,0.1894412523940378,3931,0.575970695970696,3926,0.5752380952380952,-0.0732600732600732,-5
DEPARTMENT_CHALLENGE,MEAT,ALL,HIGH_SHOCK,1734,0.0481305687401115,809,0.4665513264129181,807,0.4653979238754325,-0.1153402537485582,-2
DEPARTMENT_CHALLENGE,MEAT,ALL,SIGNAL_3,421,0.0116856801843062,163,0.3871733966745843,154,0.3657957244655582,-2.137767220902613,-9
DEPARTMENT_CHALLENGE,MEAT-PCKGD,ALL,ALL,5670,0.1573819635273544,2895,0.5105820105820106,2950,0.5202821869488536,0.9700176366843032,55
DEPARTMENT_CHALLENGE,MEAT-PCKGD,ALL,HIGH_SHOCK,2034,0.0564576567574319,1032,0.5073746312684366,1047,0.5147492625368731,0.7374631268436578,15
DEPARTMENT_CHALLENGE,MEAT-PCKGD,ALL,SIGNAL_3,1011,0.0280622866183695,476,0.4708209693372898,495,0.4896142433234421,1.8793273986152323,19
DEPARTMENT_CHALLENGE,NUTRITION,ALL,ALL,352,0.0097704499403225,195,0.5539772727272727,201,0.5710227272727273,1.7045454545454546,6
DEPARTMENT_CHALLENGE,NUTRITION,ALL,HIGH_SHOCK,184,0.0051072806506231,93,0.5054347826086957,99,0.5380434782608695,3.260869565217391,6
DEPARTMENT_CHALLENGE,NUTRITION,ALL,SIGNAL_3,55,0.0015266328031753,24,0.4363636363636363,26,0.4727272727272727,3.636363636363636,2
DEPARTMENT_CHALLENGE,PASTRY,ALL,ALL,2244,0.0622866183695561,1304,0.5811051693404634,1295,0.5770944741532977,-0.4010695187165775,-9
DEPARTMENT_CHALLENGE,PASTRY,ALL,HIGH_SHOCK,928,0.0257584589335775,523,0.5635775862068966,511,0.5506465517241379,-1.293103448275862,-12
DEPARTMENT_CHALLENGE,PASTRY,ALL,SIGNAL_3,293,0.0081327892969162,137,0.4675767918088737,131,0.447098976109215,-2.04778156996587,-6
DEPARTMENT_CHALLENGE,PRODUCE,ALL,ALL,7218,0.2003497376967274,5788,0.8018841784427819,5785,0.8014685508451095,-0.0415627597672485,-3
DEPARTMENT_CHALLENGE,PRODUCE,ALL,HIGH_SHOCK,1874,0.0520165431481944,1339,0.7145144076840982,1346,0.7182497331910352,0.3735325506937033,7
DEPARTMENT_CHALLENGE,PRODUCE,ALL,SIGNAL_3,325,0.0090210120187637,139,0.4276923076923077,149,0.4584615384615385,3.076923076923077,10
DEPARTMENT_CHALLENGE,SALAD BAR,ALL,ALL,1700,0.0471868320981486,1123,0.6605882352941177,1122,0.66,-0.0588235294117647,-1
DEPARTMENT_CHALLENGE,SALAD BAR,ALL,HIGH_SHOCK,46,0.0012768201626557,32,0.6956521739130435,33,0.717391304347826,2.1739130434782608,1
DEPARTMENT_CHALLENGE,SEAFOOD,ALL,ALL,196,0.0054403641713159,123,0.6275510204081632,166,0.8469387755102041,21.93877551020408,43
DEPARTMENT_CHALLENGE,SEAFOOD,ALL,HIGH_SHOCK,100,0.0027756960057734,57,0.57,84,0.84,27.0,27
DEPARTMENT_CHALLENGE,SEAFOOD,ALL,SIGNAL_3,40,0.0011102784023093,10,0.25,35,0.875,62.5,25
DEPARTMENT_CHALLENGE,SEAFOOD-PCKGD,ALL,ALL,258,0.0071612956948954,100,0.3875968992248062,126,0.4883720930232558,10.07751937984496,26
DEPARTMENT_CHALLENGE,SEAFOOD-PCKGD,ALL,HIGH_SHOCK,179,0.0049684958503344,67,0.3743016759776536,91,0.5083798882681564,13.40782122905028,24
DEPARTMENT_CHALLENGE,SEAFOOD-PCKGD,ALL,SIGNAL_3,115,0.0031920504066394,44,0.3826086956521739,61,0.5304347826086957,14.782608695652174,17
