cohort,p1_tier,signal_stratum,events,coverage_of_cohort,coverage_within_p1_tier,v1_correct,v1_accuracy,d28_correct,d28_accuracy,accuracy_delta_pp,prediction_disagreements,d28_only_correct,v1_only_correct,net_wins
REPRESENTATIVE,ALL,ALL,40474,1.0,1.0,24030,0.5937144833720414,24389,0.6025843751544201,0.8869891782378811,4244,1459,1100,359
REPRESENTATIVE,ALL,0,12418,0.3068142511241785,0.3068142511241785,8042,0.6476083105169914,8074,0.6501852150104687,0.257690449347721,235,99,67,32
REPRESENTATIVE,ALL,1,16963,0.4191085635222612,0.4191085635222612,10372,0.6114484466191122,10380,0.6119200613099098,0.0471614690797618,675,233,225,8
REPRESENTATIVE,ALL,2,7866,0.1943469881899491,0.1943469881899491,4238,0.5387744724129163,4251,0.5404271548436308,0.1652682430714467,1702,465,452,13
REPRESENTATIVE,ALL,3,3227,0.0797301971636112,0.0797301971636112,1378,0.427022001859312,1684,0.5218469166408429,9.482491478153085,1632,662,356,306
REPRESENTATIVE,0.6,ALL,16626,0.4107822305677719,1.0,12831,0.7717430530494407,12983,0.780885360279081,0.9142307229640324,394,244,92,152
REPRESENTATIVE,0.6,0,5781,0.1428324356376933,0.3477084085167809,4485,0.7758173326414115,4491,0.7768552153606643,0.1037882719252724,44,22,16,6
REPRESENTATIVE,0.6,1,7063,0.174507090971982,0.4248165523878263,5565,0.7879088206144698,5581,0.7901741469630469,0.2265326348577092,46,27,11,16
REPRESENTATIVE,0.6,2,2731,0.0674754163166477,0.1642607963430771,2068,0.7572317832295863,2099,0.7685829366532406,1.135115342365434,102,56,25,31
REPRESENTATIVE,0.6,3,1051,0.0259672876414488,0.0632142427523156,713,0.6784015223596574,812,0.7725975261655567,9.419600380589914,202,139,40,99
REPRESENTATIVE,0.7,ALL,8904,0.2199930819785541,1.0,7549,0.8478212039532794,7612,0.8548966756513926,0.7075471698113207,132,89,26,63
REPRESENTATIVE,0.7,0,3102,0.0766417947324208,0.3483827493261455,2645,0.852675693101225,2647,0.8533204384268214,0.0644745325596389,13,7,5,2
REPRESENTATIVE,0.7,1,3875,0.0957404753669022,0.4351976639712488,3327,0.8585806451612903,3327,0.8585806451612903,0.0,4,2,2,0
REPRESENTATIVE,0.7,2,1389,0.0343183278153876,0.1559973045822102,1160,0.8351331893448524,1176,0.8466522678185745,1.1519078473722102,38,23,7,16
REPRESENTATIVE,0.7,3,538,0.0132924840638434,0.0604222821203953,417,0.775092936802974,462,0.8587360594795539,8.364312267657992,77,57,12,45
REPRESENTATIVE,0.8,ALL,4456,0.1100953698670751,1.0,4013,0.9005834829443446,4033,0.9050718132854578,0.4488330341113106,42,28,8,20
REPRESENTATIVE,0.8,0,1505,0.0371843652715323,0.3377468581687612,1347,0.8950166112956811,1349,0.8963455149501661,0.132890365448505,2,2,0,2
REPRESENTATIVE,0.8,1,1994,0.0492661955823491,0.4474865350089766,1817,0.91123370110331,1818,0.9117352056168504,0.0501504513540621,1,1,0,1
REPRESENTATIVE,0.8,2,678,0.0167514947867766,0.1521543985637342,615,0.9070796460176992,617,0.9100294985250738,0.2949852507374631,10,5,3,2
REPRESENTATIVE,0.8,3,279,0.0068933142264169,0.0626122082585278,234,0.8387096774193549,249,0.8924731182795699,5.376344086021505,29,20,5,15
DEPARTMENT_CHALLENGE,ALL,ALL,36027,1.0,1.0,22040,0.6117633996724678,22281,0.6184528270463818,0.6689427373914009,4451,1421,1180,241
DEPARTMENT_CHALLENGE,ALL,0,10250,0.2845088405917784,0.2845088405917784,7504,0.7320975609756097,7501,0.7318048780487805,-0.0292682926829268,193,71,74,-3
DEPARTMENT_CHALLENGE,ALL,1,13100,0.3636161767563216,0.3636161767563216,8255,0.6301526717557252,8300,0.6335877862595419,0.3435114503816794,637,225,180,45
DEPARTMENT_CHALLENGE,ALL,2,8962,0.2487578760374164,0.2487578760374164,4661,0.5200848024994421,4727,0.5274492300825708,0.7364427583128766,2032,594,528,66
DEPARTMENT_CHALLENGE,ALL,3,3715,0.1031171066144835,0.1031171066144835,1620,0.4360699865410498,1753,0.4718707940780619,3.580080753701212,1589,531,398,133
DEPARTMENT_CHALLENGE,0.6,ALL,14489,0.4021705942765148,1.0,11494,0.7932914624887846,11509,0.7943267306232314,0.1035268134446821,181,75,60,15
DEPARTMENT_CHALLENGE,0.6,0,5298,0.1470563743858772,0.3656567050866174,4418,0.8338995847489619,4409,0.8322008305020763,-0.1698754246885617,36,11,20,-9
DEPARTMENT_CHALLENGE,0.6,1,5134,0.1425042329364088,0.3543377734833322,4109,0.800350603817686,4111,0.8007401636151149,0.0389559797428905,49,20,18,2
DEPARTMENT_CHALLENGE,0.6,2,2971,0.0824659283315291,0.2050521084961004,2208,0.7431841130932346,2225,0.7489060922248402,0.572197913160552,57,28,11,17
DEPARTMENT_CHALLENGE,0.6,3,1086,0.0301440586226996,0.0749534129339498,759,0.6988950276243094,764,0.7034990791896869,0.4604051565377532,39,16,11,5
DEPARTMENT_CHALLENGE,0.7,ALL,7970,0.2212229716601438,1.0,6865,0.8613550815558344,6870,0.8619824341279799,0.0627352572145545,49,23,18,5
DEPARTMENT_CHALLENGE,0.7,0,3148,0.0873789102617481,0.3949811794228356,2771,0.8802414231257941,2771,0.8802414231257941,0.0,11,5,5,0
DEPARTMENT_CHALLENGE,0.7,1,2817,0.078191356482638,0.3534504391468005,2451,0.8700745473908413,2453,0.870784522541711,0.0709975150869719,12,6,4,2
DEPARTMENT_CHALLENGE,0.7,2,1495,0.041496655286313,0.1875784190715182,1226,0.820066889632107,1230,0.822742474916388,0.2675585284280936,16,8,4,4
DEPARTMENT_CHALLENGE,0.7,3,510,0.0141560496294445,0.0639899623588456,417,0.8176470588235294,416,0.8156862745098039,-0.196078431372549,10,4,5,-1
DEPARTMENT_CHALLENGE,0.8,ALL,4063,0.1127765287145751,1.0,3684,0.9067191730248584,3687,0.9074575436869308,0.073837066207236,6,4,1,3
DEPARTMENT_CHALLENGE,0.8,0,1665,0.0462153384961279,0.4097957174501599,1532,0.92012012012012,1533,0.9207207207207208,0.06006006006006,3,2,1,1
DEPARTMENT_CHALLENGE,0.8,1,1438,0.0399145085630221,0.3539256706866847,1304,0.9068150208623088,1306,0.9082058414464534,0.1390820584144645,2,2,0,2
DEPARTMENT_CHALLENGE,0.8,2,701,0.0194576290004718,0.1725326113709082,622,0.8873038516405135,622,0.8873038516405135,0.0,0,0,0,0
DEPARTMENT_CHALLENGE,0.8,3,259,0.0071890526549532,0.0637460004922471,226,0.8725868725868726,226,0.8725868725868726,0.0,1,0,0,0
