cohort,stratum,cluster_unit,mean_delta_pp,ci95_low_pp,ci95_high_pp,estimand
Representative,ALL,household,0.886989,0.6404859352811556,1.1255021116241333,D28-V1 accuracy delta
Representative,ALL,product_set,0.886989,0.06714023931051746,2.1514218837925076,D28-V1 accuracy delta
Representative,SIGNAL_3,household,9.522312589377172,7.54172529421897,11.56101034028128,D28-V1 accuracy delta
Representative,SIGNAL_3,product_set,9.05898214620346,1.7531886770042622,17.667504605380557,D28-V1 accuracy delta
Representative,HIGH_SHOCK,household,3.496227694150488,2.7234892194684193,4.295136382914513,D28-V1 accuracy delta
Representative,HIGH_SHOCK,product_set,3.3696569704112647,0.1801111933668066,7.7484977847525425,D28-V1 accuracy delta
Department Challenge,SIGNAL_3,household,3.572826789633886,1.8836013248363084,5.202869266131989,D28-V1 accuracy delta
Department Challenge,SIGNAL_3,product_set,3.5632505865125026,0.6830887230514098,7.252302852002459,D28-V1 accuracy delta
Department Challenge,HIGH_SHOCK,household,1.4631491904023588,0.7740040604776324,2.135792205812089,D28-V1 accuracy delta
Department Challenge,HIGH_SHOCK,product_set,1.4859802463703586,0.11471029161528438,3.1105161758816426,D28-V1 accuracy delta
