claim_id,claim,role,direct_evidence,boundary,authoritative_result_zip,authoritative_internal_path
C1,Frozen P1 thresholds produce a practical grocery accuracy–coverage frontier.,PRIMARY,data/P1_ACCURACY_COVERAGE_FRONTIER.csv,Previously studied grocery panel; no new threshold search.,ORIGINAL_RESULTS/13_P1_REGIME_SELECTIVE_FRONTIER.zip,OUTPUT/FRONTIER_P1_X_SIGNAL.csv; OUTPUT/FRONTIER_P1_X_SHOCK.csv
C2,Frozen V1 selectivity survives in H&M but old coverage collapses.,PRIMARY,data/CROSS_DOMAIN_SUMMARY.csv,Independent frozen V1 test.,ORIGINAL_RESULTS/02_HM_FROZEN_EXTERNAL_REPLICATION.zip,OUTPUT/HM_EXTERNAL_RESULT.json
C3,D28 raises H&M development accuracy from ~43.52% to ~50.07%.,PRIMARY_DEVELOPMENT,data/CROSS_DOMAIN_SUMMARY.csv,Not independent V2 validation.,ORIGINAL_RESULTS/04_FASHION_V2_DEVELOPMENT.zip,OUTPUT/V2_CANDIDATE_SUMMARY.json
C4,H&M-discovered D28 back-transfers positively to grocery without grocery window search.,PRIMARY,data/CROSS_DOMAIN_SUMMARY.csv,Previously studied grocery environment.,ORIGINAL_RESULTS/05_GROCERY_D28_BACKTRANSFER.zip,OUTPUT/SUMMARY.json
C5,D28 gains are concentrated in regime-shift strata rather than uniformly distributed.,PRIMARY,data/REGIME_SIGNAL_COUNT_MAP.csv; data/REGIME_SHOCK_MAP.csv,Associational / developmental mechanism evidence.,ORIGINAL_RESULTS/07_REGIME_PROMOTION_DISCOVERY.zip,OUTPUT/REGIME_TRANSFER_STRATA.csv; OUTPUT/REGIME_GATE_SCORECARD.json
C6,Three simultaneous regime signals identify a small region with much larger D28 rescue.,PRIMARY,data/REGIME_SIGNAL_COUNT_MAP.csv,"Descriptive, not causal.",ORIGINAL_RESULTS/13_P1_REGIME_SELECTIVE_FRONTIER.zip,OUTPUT/FRONTIER_P1_X_SIGNAL.csv; OUTPUT/FRONTIER_BOOTSTRAP.json
C7,Frozen high-shock threshold transfers directionally to Department Challenge.,PRIMARY,data/REGIME_SHOCK_MAP.csv,"Cross-cohort, not new-dataset validation.",ORIGINAL_RESULTS/07_REGIME_PROMOTION_DISCOVERY.zip,OUTPUT/REGIME_TRANSFER_STRATA.csv; OUTPUT/REGIME_GATE_SCORECARD.json
C8,Binary V1/D28 switching improves on V1 but not on all-D28.,NEGATIVE_IMPORTANT,data/NEGATIVE_RESULTS.csv,Supports simpler all-D28 default among tested variants.,ORIGINAL_RESULTS/07_REGIME_PROMOTION_DISCOVERY.zip,OUTPUT/REGIME_GATE_SCORECARD.json
C9,Linear signal-count weighting is not robustly superior to D28.,NEGATIVE_IMPORTANT,data/NEGATIVE_RESULTS.csv,Do not tune further on current data.,ORIGINAL_RESULTS/12_STATE_WEIGHTED_REGIME_TEST.zip,OUTPUT/SUMMARY.json
C10,P1 and Regime are distinct decision dimensions; their gains are not additive.,PRIMARY_INTERPRETIVE,data/FULL_P1_X_SIGNAL_FRONTIER.csv,Crossed cells do not transfer consistently.,ORIGINAL_RESULTS/13_P1_REGIME_SELECTIVE_FRONTIER.zip,OUTPUT/FRONTIER_P1_X_SIGNAL.csv; OUTPUT/FRONTIER_BOOTSTRAP.json
C11,Promotion is not established as the main explanation.,BOUNDARY,data/NEGATIVE_RESULTS.csv,Unresolved due sparse/selected coverage.,ORIGINAL_RESULTS/09_CAUSAL_SEMANTICS_DIAGNOSTIC.zip; ORIGINAL_RESULTS/10_PLACEMENT_CODE_ATTRIBUTION.zip,CAUSAL_DATA_SEMANTICS_REPORT.md; PREDICTION_CONFLICT_ATTRIBUTION.csv
C12,Current data cannot support a clean W54–W102 temporal validation.,BOUNDARY,data/NEGATIVE_RESULTS.csv,Do not invent reconstruction filters.,ORIGINAL_RESULTS/08_REGIME_HOLDOUT_PROMO_FINAL.zip,SUMMARY.md
