cohort,model_or_policy,events,coverage,accuracy,interpretation
Grocery Representative,V1 all events,"40,474",100.0%,59.37%,Baseline
Grocery Representative,D28 all events,"40,474",100.0%,60.26%,+0.89pp vs V1
Grocery Representative,P1 tier 0.6 / V1,"16,626",41.08%,77.17%,Selective prediction
Grocery Representative,P1 tier 0.7 / V1,"8,904",22.00%,84.78%,Selective prediction
Grocery Representative,P1 tier 0.8 / V1,"4,456",11.01%,90.06%,Selective prediction
H&M fashion,Frozen V1,"292,846",100.0%,43.52%,Independent frozen V1 test
H&M fashion,D28,"292,846",100.0%,50.07%,+6.55pp; development evidence
Grocery Representative,Three regime signals / V1,"3,227",7.97%,42.70%,Descriptive transition stratum
Grocery Representative,Three regime signals / D28,"3,227",7.97%,52.18%,+9.48pp vs V1
Department Challenge,Three regime signals / V1,"3,715",10.31%,43.61%,Descriptive transition stratum
Department Challenge,Three regime signals / D28,"3,715",10.31%,47.19%,+3.58pp vs V1
